,Signal,coverage_naive,coverage_split,coverage_posi,length_naive,length_split,length_posi
0,0.1,0.75,0.95,1.0,3.8412317493268713,5.603968975635362,4.328687846930533
1,0.1,0.75,0.890625,1.0,3.690372271221974,5.662038719714388,4.315700546496616
2,0.1,0.625,0.8571428571428571,0.90625,3.659728264047993,5.905971466458995,4.043729328938501
3,0.1,0.75,0.9545454545454546,1.0,3.617724943681627,5.434923935201216,4.109091903492459
4,0.1,1.0,0.9166666666666666,0.9,3.5913453937298336,5.6740337174770605,4.362755982180587
5,0.1,0.5833333333333334,0.9545454545454546,0.925,3.4873605540816666,5.316341179237354,3.8542020372606522
6,0.1,0.875,0.9464285714285714,0.9583333333333334,3.611105749205018,6.1929384769867015,3.999926478823269
7,0.1,,0.8461538461538461,0.95,,6.364777685847314,4.40852632582063
8,0.1,0.5416666666666666,0.90625,0.875,3.5503629901133387,5.969779363872426,3.651638961642875
9,0.1,0.75,0.8928571428571429,0.95,3.632425907780016,5.7964429100488815,4.346508198123751
10,0.1,0.875,0.9318181818181818,0.9583333333333334,3.6159114360186626,5.813244820207346,4.116830658371226
11,0.1,0.5,0.95,0.5,3.4638859916921274,5.197732176569003,4.1502524995274
12,0.1,0.75,0.9333333333333333,1.0,3.556563036448682,5.913558912008469,4.152529389299046
13,0.1,0.5,0.84375,1.0,3.5530194785134954,5.003381485833534,4.269168885908689
14,0.1,0.625,0.9464285714285714,0.9,3.729325524417055,6.272619114475412,4.363963580963437
15,0.1,0.625,0.875,1.0,3.689940796912725,5.597270496873161,4.1332558254220855
16,0.1,0.625,0.8863636363636364,0.9722222222222222,3.4943883946912484,5.907420521396737,3.9781146736633426
17,0.1,0.75,0.8863636363636364,0.9642857142857143,3.585709095326709,5.877003762657952,4.150472602086938
18,0.1,0.75,0.8833333333333333,1.0,3.7793253592360467,6.544225059780856,4.099064783474522
19,0.1,0.7083333333333334,0.9375,0.9166666666666666,3.4567554352730823,5.492859567197793,3.6774896395844174
20,0.1,,0.9772727272727273,0.8125,,6.000456551753024,4.450595285768659
21,0.1,0.5,0.9166666666666666,1.0,3.712535886678162,5.996186293828973,4.46441909263324
22,0.1,,0.9545454545454546,0.95,,6.221898072014711,4.256702830051548
23,0.1,,0.9375,1.0,,5.620755808731504,4.452850116964563
24,0.1,0.5833333333333334,0.8214285714285714,1.0,3.777709377501669,5.637649908483247,4.085838402333425
25,0.1,,0.9375,0.875,,5.415840817765887,4.456106161574036
26,0.1,0.25,0.8888888888888888,0.95,3.416743532892531,5.214379800742711,3.9943316908965167
27,0.1,0.6875,0.8928571428571429,0.9642857142857143,3.610006216311144,6.130481857827904,4.101675093961541
28,0.1,0.5,0.9166666666666666,0.9,3.699437959579897,6.320021889076919,3.981130471007268
29,0.1,0.75,0.90625,1.0,3.5209158406901806,5.178149581077703,3.8852153400712357
30,0.1,0.6666666666666666,0.9285714285714286,0.8333333333333334,3.7493830755620774,5.767456478446346,4.108693623777252
31,0.1,0.6666666666666666,0.8611111111111112,0.9,3.341982499978659,4.968878594383691,4.02777085156092
32,0.1,0.5,0.875,0.875,3.5971302036718953,5.445902869507033,4.081768644740226
33,0.1,0.875,0.875,0.9583333333333334,3.8134074657141017,5.836792656625062,4.448316585397939
34,0.1,0.5833333333333334,0.8833333333333333,0.95,3.5273454297245475,5.699074536531595,3.961499563011021
35,0.1,0.8333333333333334,0.9166666666666666,0.8333333333333334,3.8438013551809838,5.808704929027241,4.254024667023682
36,0.1,0.7,0.8461538461538461,0.8888888888888888,3.468103758799324,5.307767649502804,3.855682539875962
37,0.1,0.6875,0.9,0.9375,3.5951387460481463,5.526970406987361,3.9973406266738976
38,0.1,0.75,0.9166666666666666,0.9,3.731177086792571,6.354179816111636,17.326763162896956
39,0.1,0.5,0.9038461538461539,0.9166666666666666,3.587759739823522,5.900017868427826,3.913939953226628
40,0.1,1.0,0.90625,1.0,3.4941512646420856,5.5869826101314715,3.8370913135221465
41,0.1,0.75,0.8863636363636364,0.9583333333333334,3.6547284600056265,5.6906191538283215,4.154838050977857
42,0.1,0.5,0.8571428571428571,0.85,3.878866164672551,5.549724929845294,4.426661907070121
43,0.1,0.75,0.9166666666666666,0.9583333333333334,3.9111693441134237,5.786062819687568,4.353691313981458
44,0.1,,0.875,0.96875,,5.854153342577436,4.43446547915352
45,0.1,,0.875,1.0,,5.554635011946288,4.208609400972113
46,0.1,1.0,0.875,0.875,3.766443866227684,5.625858672881737,4.5041408795895785
47,0.1,0.75,0.85,0.9,3.4703176786033403,5.718273850613583,4.074260485409511
48,0.1,0.75,0.9411764705882353,1.0,3.595622762642241,5.916670599179465,4.160987292748316
49,0.1,0.5833333333333334,0.8055555555555556,1.0,3.562846722077404,5.748298157560759,3.923640416727637
50,0.2,0.8125,0.9166666666666666,1.0,3.8548830449530316,6.2088406961221265,4.297055871412674
51,0.2,0.875,0.9047619047619048,1.0,3.7082586304599965,6.721513373245084,4.116620147819409
52,0.2,0.625,0.9464285714285714,0.90625,3.663653660479928,6.095720446105546,4.029571838591451
53,0.2,0.875,0.9583333333333334,0.9583333333333334,3.582988876426673,5.515410950148618,4.0589843574496145
54,0.2,1.0,0.8863636363636364,0.875,3.5946798748683118,5.87215051943808,4.334933816990591
55,0.2,0.6875,0.8409090909090909,0.9,3.505581917993228,5.439720356041354,3.7887929565078564
56,0.2,0.875,0.9464285714285714,0.875,3.6111057492050174,6.1929384769867015,3.962117703827792
57,0.2,1.0,0.9166666666666666,0.9285714285714286,3.874797569899349,6.213827497676989,4.358067290884809
58,0.2,0.5416666666666666,0.875,0.78125,3.554774596783167,5.778150952393243,3.6108054024173777
59,0.2,0.75,0.9772727272727273,1.0,3.6529581049525905,5.606100184640225,4.240882849223132
60,0.2,0.8333333333333334,0.9,1.0,3.6005784053437893,5.455325511545496,4.086129937446528
61,0.2,0.5,0.9642857142857143,0.5833333333333334,3.497130580090806,5.3604135660103385,4.058663388737678
62,0.2,0.75,0.9166666666666666,0.875,3.5642877808005795,5.551825434263778,4.098641025484222
63,0.2,0.625,0.8958333333333334,0.875,3.5484282647464207,5.696099061519763,4.158508958740015
64,0.2,0.6666666666666666,0.9464285714285714,0.9,3.760559340334684,6.272619114475412,4.332930672758441
65,0.2,0.625,0.8653846153846154,1.0,3.7106934694733695,5.581647641963624,4.113414014090624
66,0.2,0.75,0.8035714285714286,0.925,3.547611960491492,5.46439991057797,4.020706501309331
67,0.2,0.8333333333333334,0.9166666666666666,0.8571428571428571,3.666442569251851,5.606203955342071,4.085394137935803
68,0.2,0.875,0.8333333333333334,0.9642857142857143,3.829969486033543,6.5573226723968325,3.9216324423099946
69,0.2,0.7142857142857143,0.8214285714285714,0.9722222222222222,3.4677603299685806,5.5497444530211615,3.7135416464107056
70,0.2,,0.90625,0.875,,5.470357817685733,4.378346640242264
71,0.2,0.625,0.9166666666666666,1.0,3.7513799415507156,6.0124385568759235,4.416827757594089
72,0.2,0.875,0.9423076923076923,0.9583333333333334,3.7019597141957155,5.7412745046570794,4.404019670002086
73,0.2,0.75,0.8125,1.0,3.5325941636125857,5.27882732770568,4.365016276266708
74,0.2,0.75,0.8333333333333334,1.0,3.7921913103381883,5.9283350462982245,4.038065737290102
75,0.2,1.0,0.9464285714285714,1.0,3.57487275739922,5.764450388240943,4.415138174563923
76,0.2,0.625,0.8571428571428571,0.95,3.4632070095932628,4.938466111423553,3.955292196669948
77,0.2,0.6875,0.8928571428571429,0.9642857142857143,3.610006216311144,6.130481857827904,4.061997095741231
78,0.2,0.75,0.9464285714285714,0.9583333333333334,3.734563786446122,6.4060728662891435,3.996320104033739
79,0.2,0.8,0.975,1.0,3.5124376178968513,5.646459405858122,4.04269089573657
80,0.2,0.6666666666666666,0.8863636363636364,0.9166666666666666,3.773258588443048,5.902356564638049,4.1883523687254485
81,0.2,0.6666666666666666,0.9090909090909091,1.0,3.364274403991938,5.299316238958469,4.003053969609665
82,0.2,0.5,0.9615384615384616,0.875,3.605424243821573,5.890735460967122,4.132137269002749
83,0.2,0.9166666666666666,0.9666666666666667,0.85,3.818075896926036,6.468031379189622,4.274943919003169
84,0.2,0.75,0.8833333333333333,0.95,3.557917036491141,5.699074536531595,3.924739727722886
85,0.2,0.8125,0.8269230769230769,0.875,3.8515292856794514,5.642147691741966,4.195084567197296
86,0.2,0.7,0.8529411764705882,0.8611111111111112,3.4831657523956765,5.6151543057660875,3.8174129807134687
87,0.2,0.6875,0.8461538461538461,0.96875,3.607223371642049,5.619382312585808,3.980372119898063
88,0.2,1.0,0.9166666666666666,1.0,3.7807258431885393,6.375992599562575,4.196528017629861
89,0.2,0.75,0.85,0.9642857142857143,3.6126463731107705,5.058856870537129,3.991430724755845
90,0.2,0.9166666666666666,0.9423076923076923,1.0,3.4998511794955847,5.697437171989277,3.9194860346420133
91,0.2,0.625,0.8958333333333334,0.9583333333333334,3.6822404897310195,5.765041183816037,4.132081405462622
92,0.2,0.75,0.9264705882352942,0.8333333333333334,3.956963747018507,6.551851637866667,4.537941983375281
93,0.2,0.8333333333333334,0.9166666666666666,0.9583333333333334,3.9430412108768667,5.786062819687568,4.296291061094089
94,0.2,1.0,0.9791666666666666,0.9166666666666666,3.6883616694057233,6.150885636577527,4.499661299931786
95,0.2,,0.8541666666666666,0.875,,6.042599389949839,4.1464729036232955
96,0.2,1.0,0.875,0.875,3.7768300850876315,5.63914718519353,4.461184932726169
97,0.2,0.75,0.85,0.8,3.4930882085679174,5.754161906890572,4.045911205251644
98,0.2,0.75,0.9411764705882353,1.0,3.600744011366796,5.925334275019174,4.118807574634871
99,0.2,0.5833333333333334,0.8333333333333334,0.95,3.578918795525274,5.874666123393763,3.9755724130922503
100,0.3,0.8333333333333334,0.9375,0.9166666666666666,3.9149933574893865,5.451953362684126,4.304468732968741
101,0.3,0.875,0.9833333333333333,1.0,3.7082586304599965,5.924386147438029,4.059719803257044
102,0.3,0.625,0.9464285714285714,0.90625,3.6703489777691645,6.095720446105546,4.022941993894492
103,0.3,0.875,0.9772727272727273,0.95,3.588394833333179,6.040733460596309,3.8967678151242495
104,0.3,1.0,0.9038461538461539,0.9166666666666666,3.5946798748683118,5.958017356604127,4.324203670320696
105,0.3,0.75,0.8166666666666667,0.8333333333333334,3.532756138020847,5.548960289311264,3.927058516485076
106,0.3,0.875,0.8,0.9642857142857143,3.611105749205018,5.618849039838766,4.119136391139163
107,0.3,1.0,0.8958333333333334,0.9285714285714286,3.883962582521658,6.30710879191886,4.315328338800397
108,0.3,0.5416666666666666,0.90625,0.84375,3.560878526266491,5.969779363872426,3.6369668135774997
109,0.3,0.875,0.9264705882352942,0.9583333333333334,3.605361141027073,5.980118618697238,4.1417321329816685
110,0.3,0.8333333333333334,0.9,0.95,3.6073201320745754,5.455325511545496,4.063428149309887
111,0.3,1.0,0.9318181818181818,0.875,3.475351324081271,5.35867178468154,4.025519047242679
112,0.3,0.75,0.85,0.85,3.634522280971455,5.558816549674914,4.178110059269966
113,0.3,0.8333333333333334,0.9583333333333334,0.8125,3.591906190400356,5.699607225608003,4.11796936698504
114,0.3,0.85,0.9,0.8333333333333334,3.742913588299037,5.963610165743797,4.283362228097414
115,0.3,0.75,0.925,1.0,3.7005494252233873,5.703676653181775,4.033842133182739
116,0.3,0.75,0.8035714285714286,0.9,3.5855654327424906,5.46439991057797,3.998292608443579
117,0.3,0.8333333333333334,0.9772727272727273,0.9375,3.6706886557494314,5.628432274640868,4.223964856121918
118,0.3,0.875,0.9375,0.96875,3.829969486033543,6.565857602900988,4.011958259851596
119,0.3,0.7142857142857143,0.8846153846153846,0.8888888888888888,3.4677603299685806,5.498013740510749,3.6305989534619636
120,0.3,1.0,0.90625,0.9166666666666666,3.7670253732381953,5.470357817685733,4.312983664200457
121,0.3,0.6666666666666666,0.921875,0.875,3.797869730306235,6.178912614248279,4.283704368814655
122,0.3,0.9166666666666666,0.8214285714285714,0.90625,3.6675350491366223,5.859436483868619,4.230553628203978
123,0.3,0.75,0.7777777777777778,1.0,3.5465947350201903,5.343944317670059,4.29632771672264
124,0.3,0.7916666666666666,0.8035714285714286,0.9375,3.7908902733352243,6.105507507330363,3.8262853287617773
125,0.3,1.0,0.8214285714285714,1.0,3.5887144655121026,5.338112158312566,4.120245987546345
126,0.3,0.75,0.8888888888888888,0.9,3.467820807230624,5.2230998949017,3.8646523458374524
127,0.3,0.6875,0.9583333333333334,0.8928571428571429,3.610006216311144,5.97517013929922,3.995770171496603
128,0.3,0.75,0.9464285714285714,0.9583333333333334,3.7387763611764795,6.406072866289144,3.9541960443509816
129,0.3,0.8,0.975,1.0,3.5231920584824494,5.646459405858122,4.006854607270581
130,0.3,0.75,0.9807692307692307,0.9285714285714286,3.7561088655561115,5.968710047409315,4.227420539026595
131,0.3,0.75,0.921875,0.9583333333333334,3.3894702036966633,5.492893208361247,3.870381740580791
132,0.3,0.5,0.9038461538461539,0.9,3.617228101518404,5.862304523832465,4.111743136407255
133,0.3,0.9,0.95,0.85,3.8494511097883235,6.441933282384742,4.217866516516084
134,0.3,0.75,0.9090909090909091,0.9166666666666666,3.561590499599522,5.67047287087408,3.8280841882718057
135,0.3,0.8125,0.9545454545454546,0.8333333333333334,3.8531698086313835,5.825758720439449,4.160740185590983
136,0.3,0.7083333333333334,0.9107142857142857,0.8611111111111112,3.5086603512264554,5.761997799355969,3.821204025974012
137,0.3,0.6875,0.9375,0.8928571428571429,3.619356581376625,5.71331113292667,3.9858752523738405
138,0.3,0.9166666666666666,1.0,0.9583333333333334,3.798107288212807,5.727965720370835,4.282100687188712
139,0.3,0.75,0.85,0.9285714285714286,3.6126463731107705,5.058856870537128,3.9793543300086607
140,0.3,0.9166666666666666,0.9642857142857143,1.0,3.4998511794955856,5.849311816927748,3.6983833321912094
141,0.3,0.7,0.925,0.9285714285714286,3.665419910441713,5.5918876072989425,4.153813874051332
142,0.3,0.8,0.875,0.90625,3.9369621336753804,6.326739197432522,4.339959737157578
143,0.3,0.8333333333333334,0.9642857142857143,0.95,3.9490112192689555,6.530917124682921,4.247185713359044
144,0.3,1.0,1.0,0.9545454545454546,3.8279327485808348,5.550518693643161,4.432981145288538
145,0.3,0.875,0.9444444444444444,0.9375,3.5547013063782114,5.6734921223551,3.9735082387788054
146,0.3,0.75,0.9444444444444444,0.9583333333333334,3.8060395736374186,5.7711023363121825,4.397750344732423
147,0.3,0.875,0.875,0.875,3.4863085863624885,5.231858249210676,4.067059470217008
148,0.3,0.75,0.9411764705882353,1.0,3.606483293340649,5.935220569686791,4.103790258114922
149,0.3,0.7,0.825,0.9,3.6052298952874082,5.832006924138267,3.8718724681550944
150,0.4,0.8333333333333334,0.9375,0.9166666666666666,3.914993357489387,5.451953362684126,4.270679947611408
151,0.4,0.875,0.9833333333333333,1.0,3.7082586304599965,5.924386147438029,4.0240828786146405
152,0.4,0.625,0.9318181818181818,0.8333333333333334,3.678464664527491,5.746338939515249,3.9163498435318473
153,0.4,0.875,0.9772727272727273,0.95,3.594804065155576,6.040733460596309,3.875183104643328
154,0.4,1.0,0.9583333333333334,0.9166666666666666,3.5946798748683118,5.8934178163850595,4.298389912965542
155,0.4,0.75,0.8269230769230769,0.875,3.532756138020847,5.302324464387424,3.9023934945612697
156,0.4,0.875,0.8,0.9642857142857143,3.6111057492050183,5.618849039838767,4.1075384013693315
157,0.4,1.0,0.921875,0.96875,3.8936617125811583,6.488448506505621,4.298918783235807
158,0.4,0.5416666666666666,0.90625,0.875,3.56784903349104,5.969779363872426,3.634760715161102
159,0.4,0.9166666666666666,0.9264705882352942,0.9583333333333334,3.635233332078279,6.011228973100954,4.099945505680548
160,0.4,0.8333333333333334,0.9,0.95,3.6147050335724216,5.455325511545496,4.047535946697627
161,0.4,1.0,0.9375,1.0,3.5101432966251185,5.454919005579178,3.950355956346797
162,0.4,0.6666666666666666,0.875,0.75,3.6165954260415876,5.329003765135036,4.119373467619909
163,0.4,0.875,0.9090909090909091,0.9,3.5727047000905916,5.448696010872614,3.9625185923466146
164,0.4,0.85,0.7954545454545454,0.8,3.742913588299038,6.20591980613542,4.244930060445474
165,0.4,0.8125,0.95,0.8928571428571429,3.673269611777261,5.704915102686485,4.084768402993635
166,0.4,0.8,0.9,0.9772727272727273,3.6311802691712827,5.951205248877591,4.0389069224009555
167,0.4,0.8125,0.9772727272727273,0.9375,3.7037655029644414,5.6284322746408675,4.21653931908967
168,0.4,0.875,0.875,0.9375,3.829969486033543,5.883295153098524,3.97575361446604
169,0.4,0.7142857142857143,0.9166666666666666,0.95,3.4677603299685806,5.537054095724517,3.7074448719480166
170,0.4,1.0,0.90625,0.9583333333333334,3.760890764977699,5.470357817685732,4.252605741720641
171,0.4,0.6666666666666666,0.921875,0.875,3.806040378245559,6.178912614248279,4.230375083937307
172,0.4,0.9166666666666666,0.8214285714285714,0.90625,3.6675350491366223,5.859436483868619,4.1972804387000515
173,0.4,0.75,0.9642857142857143,0.9375,3.5620448749225004,6.071210986685301,4.151246723722977
174,0.4,0.7916666666666666,0.8833333333333333,0.90625,3.7908902733352243,5.950785420252071,3.8333520085766297
175,0.4,1.0,0.8863636363636364,1.0,3.5887144655121026,6.066020439623039,3.979458395710982
176,0.4,0.8125,0.9166666666666666,0.9,3.45572984681157,5.236691213509419,3.8370634555824688
177,0.4,0.6875,0.8928571428571429,0.9642857142857143,3.610006216311144,6.130481857827904,4.026828850664529
178,0.4,0.75,0.890625,0.9166666666666666,3.7436476199397806,6.314808342767089,3.932988016243175
179,0.4,0.8,0.8653846153846154,0.9,3.5410637770089344,5.518574241800063,3.977442378436284
180,0.4,0.8,0.8214285714285714,0.9375,3.743515605975923,5.503383156483527,4.118899224584058
181,0.4,0.75,0.85,0.9285714285714286,3.389470203696664,5.088007774917519,3.8315961616833643
182,0.4,0.5,0.8,0.9,3.6308129682430543,5.550066168653891,4.1095602185202305
183,0.4,0.9,0.953125,0.85,3.8494511097883235,6.479815284345062,4.171368973241785
184,0.4,0.75,0.9423076923076923,1.0,3.565972198779334,5.904346047874014,3.819470814890803
185,0.4,0.8125,0.8269230769230769,0.7916666666666666,3.8562732296512765,5.658775968333602,4.152411440273949
186,0.4,0.7083333333333334,0.8833333333333333,0.85,3.5086603512264554,5.418478952052961,3.784803500656025
187,0.4,0.75,0.9444444444444444,0.90625,3.6244677695770284,5.608884275348472,3.976448903922361
188,0.4,0.9166666666666666,1.0,0.9583333333333334,3.798107288212807,5.727965720370835,4.239845443175324
189,0.4,0.75,0.9166666666666666,0.9642857142857143,3.6126463731107705,5.360305015891296,3.9596043263966707
190,0.4,0.9166666666666666,0.9423076923076923,0.9375,3.4998511794955847,5.697437171989277,3.9013061584674293
191,0.4,0.7,0.9090909090909091,0.9285714285714286,3.6654199104417122,5.2868480354182985,4.1121670140823365
192,0.4,0.8,0.9230769230769231,0.84375,3.936962133675381,6.40047922686488,4.267642156166174
193,0.4,0.875,0.9642857142857143,0.95,3.990330273975119,6.549720559631955,4.233353317067042
194,0.4,1.0,0.8611111111111112,0.95,3.8353274593688895,5.802823788549068,4.344878475481885
195,0.4,0.875,0.8333333333333334,0.9,3.564440161014943,5.5138381194078265,4.03437546248848
196,0.4,0.8333333333333334,0.7727272727272727,0.9285714285714286,3.7814971038956884,5.795844686810871,4.2659209844806005
197,0.4,0.9166666666666666,0.9166666666666666,0.9166666666666666,3.461184128305643,5.378671992788821,4.018219307187256
198,0.4,0.75,0.9411764705882353,1.0,3.612536583090225,5.9457286835783885,4.09507523872866
199,0.4,0.7,0.9722222222222222,0.8928571428571429,3.6052298952874082,5.80515011386683,3.9709301513326802
200,0.5,0.8333333333333334,0.9230769230769231,0.9166666666666666,3.9149933574893865,5.468180364018301,4.209932775511411
201,0.5,0.875,0.9047619047619048,1.0,3.7082586304599965,6.721513373245084,4.02122005111386
202,0.5,0.6785714285714286,0.9318181818181818,0.8333333333333334,3.697929950544835,5.746338939515249,3.903384803922594
203,0.5,0.8333333333333334,0.9583333333333334,1.0,3.640877060228094,5.515410950148618,4.045814513367001
204,0.5,1.0,0.9583333333333334,0.9166666666666666,3.594679874868311,5.8934178163850595,4.279097128415798
205,0.5,0.75,0.8269230769230769,0.875,3.532756138020847,5.302324464387423,3.8891846866026043
206,0.5,0.875,0.75,0.9642857142857143,3.611105749205018,5.2781870497627,4.043412189363868
207,0.5,1.0,0.8409090909090909,0.9444444444444444,3.849768314823077,5.758289319475939,4.367885375713625
208,0.5,0.5714285714285714,0.875,0.8125,3.5690592358620092,5.855623640068827,3.5999268018638655
209,0.5,0.8125,0.9090909090909091,0.9166666666666666,3.695977293663285,5.583732540198057,4.053848032559577
210,0.5,0.8333333333333334,0.8863636363636364,0.9583333333333334,3.622493024559326,5.827999081168702,4.077628970244048
211,0.5,1.0,0.9230769230769231,1.0,3.5167091799765635,5.504746519607779,3.8866779887963556
212,0.5,0.6666666666666666,0.875,0.75,3.6165954260415876,5.349777869738949,4.096114401218515
213,0.5,0.875,0.9583333333333334,0.9,3.5727047000905916,5.519134303199696,3.9379348014968563
214,0.5,0.85,0.9166666666666666,0.875,3.742913588299038,6.068892814705222,4.100716854152986
215,0.5,0.8125,0.9375,0.9285714285714286,3.673269611777261,5.58571729602577,4.065235422527235
216,0.5,0.8,0.9,0.9772727272727273,3.6311802691712836,5.951205248877591,4.025768915305831
217,0.5,0.8125,0.9772727272727273,0.9375,3.703765502964442,5.628432274640868,4.212416830829014
218,0.5,0.875,0.8863636363636364,0.90625,3.829969486033543,5.9623441274549895,3.9571224102030467
219,0.5,0.7142857142857143,0.9166666666666666,0.95,3.4677603299685806,5.537054095724517,3.6966317317803514
220,0.5,1.0,0.875,0.9583333333333334,3.760890764977699,5.677778658559954,4.125752264511532
221,0.5,0.75,0.9375,0.9166666666666666,3.793950306343013,5.979768483988498,4.174811804989609
222,0.5,0.9166666666666666,0.8214285714285714,0.90625,3.6675350491366228,5.859436483868619,4.177691773089055
223,0.5,1.0,0.825,0.95,3.624645185306151,5.578788051544444,4.116133265942409
224,0.5,0.7916666666666666,0.9166666666666666,0.9166666666666666,3.7908902733352234,6.278177438312406,3.73573359744937
225,0.5,1.0,0.9444444444444444,1.0,3.5887144655121026,6.023607887325582,3.965107617551543
226,0.5,0.8125,0.875,0.9583333333333334,3.45572984681157,5.48490098691511,3.7259521512326335
227,0.5,0.6875,0.9583333333333334,0.8928571428571429,3.610006216311144,5.97517013929922,3.973630479160962
228,0.5,0.75,0.9464285714285714,0.9583333333333334,3.748935901967391,6.406072866289144,3.931543324099191
229,0.5,0.8,0.9166666666666666,0.9583333333333334,3.5410637770089344,5.385158456538668,3.926388735619081
230,0.5,0.8,0.8214285714285714,0.9375,3.743515605975923,5.503383156483527,4.101063702913619
231,0.5,0.75,0.8666666666666667,0.9583333333333334,3.3894702036966633,5.54295240375849,3.8597853386382917
232,0.5,0.75,0.9166666666666666,0.9,3.635490308236222,5.72458144749773,4.092869741083328
233,0.5,0.9,0.95,0.85,3.8494511097883226,6.379606947156115,4.138662154269522
234,0.5,0.75,0.8125,0.8571428571428571,3.5708029091822913,5.691235887463418,3.968947985118255
235,0.5,0.8125,0.9166666666666666,0.75,3.8603084318393686,5.903484759954371,4.108551978107342
236,0.5,0.7083333333333334,0.9038461538461539,0.825,3.5086603512264554,5.404511025872778,3.7508755432448395
237,0.5,0.8125,0.9444444444444444,0.90625,3.638339747237872,5.639660982333983,3.957140024505599
238,0.5,0.9166666666666666,0.9583333333333334,0.9583333333333334,3.798107288212807,5.603730980553249,4.228894354648136
239,0.5,0.75,0.85,0.8928571428571429,3.6126463731107705,5.058856870537129,3.9411159029468257
240,0.5,0.9166666666666666,0.9423076923076923,0.9375,3.4998511794955847,5.697437171989277,3.8771762891461674
241,0.5,0.7,0.9090909090909091,0.9285714285714286,3.6654199104417122,5.2868480354182985,4.101555645996329
242,0.5,0.8,0.9230769230769231,0.84375,3.9369621336753804,6.40047922686488,4.2479149905667235
243,0.5,0.875,0.9666666666666667,0.95,3.990330273975119,6.57272497712415,4.225455569362388
244,0.5,0.9375,0.8863636363636364,0.925,3.852404067269555,6.144554218230943,4.387042487904816
245,0.5,0.9166666666666666,0.825,0.85,3.5505718989724655,5.469874353297371,4.054973058926665
246,0.5,0.8333333333333334,0.9444444444444444,0.9285714285714286,3.788548374524442,5.621621977339745,4.227543392898425
247,0.5,0.9166666666666666,0.875,0.9583333333333334,3.461184128305643,5.231858249210676,3.9958930967714488
248,0.5,0.875,0.9166666666666666,1.0,3.6394102790564915,5.9551346700892305,4.08667741908205
249,0.5,0.7,0.875,0.90625,3.6052298952874082,5.8850288335688825,3.970682502563034
250,0.6,0.8333333333333334,0.9375,0.9166666666666666,3.9149933574893865,5.451953362684126,4.22012534786607
251,0.6,0.875,0.9047619047619048,1.0,3.7082586304599965,6.721513373245084,4.014993572020317
252,0.6,0.6785714285714286,0.9318181818181818,0.8333333333333334,3.697929950544835,5.746338939515249,3.896689369419227
253,0.6,0.8333333333333334,0.9821428571428571,0.875,3.640877060228094,5.861282567005213,4.003817751115027
254,0.6,1.0,0.8863636363636364,0.9166666666666666,3.5946798748683104,5.87215051943808,4.2383844984427705
255,0.6,0.75,0.8269230769230769,0.875,3.532756138020847,5.302324464387424,3.8801692129880436
256,0.6,0.875,0.8,0.9642857142857143,3.611105749205018,5.618849039838767,4.0987966835727025
257,0.6,1.0,0.9230769230769231,0.9444444444444444,3.8497683148230766,5.982640307296691,4.363346080898444
258,0.6,0.5714285714285714,0.8833333333333333,0.7777777777777778,3.5690592358620097,5.531250477329768,3.930786095664407
259,0.6,0.8125,0.9090909090909091,0.9166666666666666,3.695977293663285,5.605161663750073,4.0370260672449305
260,0.6,0.875,0.875,0.9583333333333334,3.622496976031476,5.814919565612797,4.0714981991593975
261,0.6,0.9375,0.9583333333333334,1.0,3.4949678404446374,5.379131728118812,3.8806642524867807
262,0.6,0.6666666666666666,0.875,0.75,3.6165954260415867,5.370300805133459,4.076001502078762
263,0.6,0.875,0.8947368421052632,0.9166666666666666,3.5727047000905916,6.124361397736585,3.995821137098059
264,0.6,0.85,0.9230769230769231,0.8214285714285714,3.742913588299038,6.166872859799597,4.191411215226511
265,0.6,0.8125,0.9375,0.9285714285714286,3.673269611777261,5.605238709970952,4.044402002510063
266,0.6,0.8,0.859375,0.9772727272727273,3.631180269171284,6.031527893795005,4.021526689198052
267,0.6,0.8125,0.96875,0.8888888888888888,3.703765502964442,5.736745638141263,4.143607209847803
268,0.6,0.875,0.8863636363636364,0.90625,3.829969486033543,5.9623441274549895,3.950584762044115
269,0.6,0.7142857142857143,0.875,0.925,3.4677603299685806,5.7569334810670245,3.72260082779514
270,0.6,1.0,0.90625,0.9583333333333334,3.7608907649776984,5.470357817685734,4.171664908770435
271,0.6,0.75,0.9583333333333334,0.8333333333333334,3.7939503063430133,6.1922569725916015,4.129656513745577
272,0.6,0.9166666666666666,0.8214285714285714,0.90625,3.6675350491366214,5.859436483868619,4.160810172161045
273,0.6,1.0,0.8214285714285714,1.0,3.6161732484534217,5.538054294834786,3.9874970786037607
274,0.6,0.7916666666666666,0.9166666666666666,0.9166666666666666,3.7908902733352243,6.278177438312406,3.7173717330465856
275,0.6,1.0,0.95,1.0,3.5887144655121026,5.934269520472091,3.9320202514518208
276,0.6,0.8125,1.0,0.9583333333333334,3.45572984681157,5.7045664695941865,3.7106695694760283
277,0.6,0.6875,0.8928571428571429,0.9642857142857143,3.610006216311144,6.130481857827904,4.014991956708882
278,0.6,0.8,0.859375,0.9642857142857143,3.7883257988079904,6.07710998885436,4.097717192860559
279,0.6,0.8,0.9166666666666666,0.9583333333333334,3.5410637770089344,5.51415474687856,3.877828131255153
280,0.6,0.8,0.8928571428571429,0.9166666666666666,3.743515605975923,5.7341361201729475,4.311191098748367
281,0.6,0.75,0.8269230769230769,0.9583333333333334,3.3894702036966633,5.410061226018153,3.869159800829994
282,0.6,0.75,0.9090909090909091,0.9,3.642395170747247,5.852983733673496,4.084684226872031
283,0.6,0.9,0.9583333333333334,0.9166666666666666,3.8494511097883235,5.848129161035849,4.221219334089866
284,0.6,0.75,0.9090909090909091,0.8571428571428571,3.575949389041897,5.550267948096534,3.947271569775478
285,0.6,0.75,0.8269230769230769,0.7916666666666666,3.884226961277816,5.678869131164796,4.135836536761133
286,0.6,0.7083333333333334,0.9038461538461539,0.825,3.5086603512264554,5.404511025872777,3.7483097074195735
287,0.6,0.8125,0.9444444444444444,0.9375,3.638339747237872,5.6690648590268005,3.9443020640048974
288,0.6,0.9166666666666666,0.9583333333333334,0.9166666666666666,3.798107288212807,5.569269404462754,4.161012002713394
289,0.6,0.75,0.85,0.8928571428571429,3.6126463731107705,5.058856870537129,3.9314124424375687
290,0.6,0.9166666666666666,0.9423076923076923,0.9375,3.4998511794955847,5.697437171989277,3.858433981286648
291,0.6,0.7,0.925,0.9285714285714286,3.6654199104417122,5.5918876072989425,4.110093391988696
292,0.6,0.8,0.9230769230769231,0.84375,3.936962133675381,6.400479226864882,4.2353474382992085
293,0.6,0.875,0.9166666666666666,0.9166666666666666,3.9903302739751187,5.786062819687568,4.241316076113885
294,0.6,0.9375,0.9166666666666666,0.8863636363636364,3.8524040672695548,5.526953030515555,4.351599905999811
295,0.6,0.9166666666666666,0.8409090909090909,0.85,3.5505718989724655,5.4182788490546665,4.024332748620758
296,0.6,0.8125,0.95,0.9642857142857143,3.8071407967482083,5.68246501398429,4.199682813339003
297,0.6,0.9166666666666666,0.9166666666666666,0.9166666666666666,3.461184128305643,5.378671992788821,3.965671440563303
298,0.6,0.9166666666666666,0.8333333333333334,0.9642857142857143,3.6405197442708612,5.135265917821512,4.272221158595403
299,0.6,0.7,0.8846153846153846,0.90625,3.6052298952874082,6.000994190270619,3.9498570255499086
300,0.7,0.8333333333333334,0.9375,0.9166666666666666,3.914993357489387,5.451953362684126,4.204890221937437
301,0.7,0.875,0.9047619047619048,1.0,3.7082586304599965,6.721513373245082,4.010587059955277
302,0.7,0.6785714285714286,0.9318181818181818,0.8333333333333334,3.697929950544835,5.746338939515249,3.8924214502514656
303,0.7,0.8333333333333334,0.9583333333333334,1.0,3.640877060228094,5.515410950148618,4.001614294401368
304,0.7,1.0,0.85,0.9166666666666666,3.5946798748683118,5.823431443104274,4.228396108649771
305,0.7,0.75,0.8269230769230769,0.875,3.532756138020847,5.302324464387424,3.874259766779152
306,0.7,0.875,0.8,0.9642857142857143,3.611105749205018,5.618849039838767,4.095538737229621
307,0.7,1.0,0.9285714285714286,0.925,3.849768314823077,6.2634804732676,4.330133568472581
308,0.7,0.5714285714285714,0.9,0.7777777777777778,3.5690592358620097,5.5493136639200635,3.7594857915018087
309,0.7,0.8125,0.9090909090909091,0.9166666666666666,3.695977293663285,5.625856599452996,4.025043125993196
310,0.7,0.875,0.8636363636363636,0.9583333333333334,3.6224969760314756,5.707104749907017,4.067447073318645
311,0.7,0.9375,0.9583333333333334,1.0,3.4949678404446374,5.379131728118812,3.848412447516958
312,0.7,0.6666666666666666,0.875,0.75,3.6165954260415867,5.390616663730709,4.066066677810286
313,0.7,0.875,0.9166666666666666,0.9166666666666666,3.5727047000905916,6.076540228435451,3.9913748540737237
314,0.7,0.85,0.9230769230769231,0.8214285714285714,3.742913588299038,6.166872859799597,4.173079707165101
315,0.7,0.8125,0.9583333333333334,0.8571428571428571,3.673269611777261,5.748827791624275,4.027060615441131
316,0.7,0.8,0.875,0.9318181818181818,3.6311802691712827,6.123543216240396,4.011277171312983
317,0.7,0.8125,0.96875,0.8888888888888888,3.703765502964442,5.746956670519502,4.131026440878025
318,0.7,0.875,0.8846153846153846,0.90625,3.829969486033543,5.925112943636915,3.9453033917358242
319,0.7,0.7142857142857143,0.9166666666666666,0.95,3.4677603299685806,5.537054095724517,3.6843739487023184
320,0.7,1.0,0.875,0.9583333333333334,3.7608907649776975,5.677778658559954,4.069376379156711
321,0.7,0.75,0.9583333333333334,0.8333333333333334,3.793950306343013,6.211947708602374,4.099998430755613
322,0.7,0.9166666666666666,0.8214285714285714,0.90625,3.6675350491366214,5.859436483868619,4.150592770487402
323,0.7,1.0,0.825,0.95,3.6161732484534217,5.578788051544444,4.0394993666374805
324,0.7,0.7916666666666666,0.9166666666666666,0.9166666666666666,3.790890273335224,6.2781774383124045,3.7082192407479884
325,0.7,1.0,0.95,1.0,3.5887144655121026,5.934269520472091,3.915240616439621
326,0.7,0.8125,0.8461538461538461,0.9583333333333334,3.45572984681157,5.6783592882920555,3.6502897995945864
327,0.7,0.6875,0.8928571428571429,0.9642857142857143,3.610006216311144,6.130481857827904,4.011515333750522
328,0.7,0.8,0.859375,0.9642857142857143,3.7883257988079904,6.091801728835876,4.079654421569443
329,0.7,0.8333333333333334,0.9166666666666666,0.9583333333333334,3.5401374986647753,5.51415474687856,3.8589606737293516
330,0.7,0.8,0.84375,0.9166666666666666,3.743515605975923,5.604508438337154,4.295426569886463
331,0.7,0.75,0.8666666666666667,0.9166666666666666,3.3894702036966633,5.542952403758491,3.8206101221829054
332,0.7,0.8333333333333334,0.8958333333333334,0.8571428571428571,3.6247912965444193,5.246553868199846,4.132893374510288
333,0.7,0.9,0.9583333333333334,0.9166666666666666,3.8494511097883226,5.848129161035849,4.206963617037863
334,0.7,0.8,0.8125,0.9285714285714286,3.5693847333946267,5.691235887463418,3.953092670243824
335,0.7,0.75,0.8392857142857143,0.7916666666666666,3.884226961277816,5.729389798800161,4.1286726874610835
336,0.7,0.7083333333333334,0.8833333333333333,0.85,3.5086603512264554,5.418478952052961,3.7742254838048326
337,0.7,0.8125,0.9444444444444444,0.9375,3.638339747237872,5.69740784681896,3.931111473209734
338,0.7,0.9166666666666666,0.9583333333333334,0.9583333333333334,3.798107288212807,5.603730980553249,4.2006575265195325
339,0.7,0.75,0.85,0.8928571428571429,3.6126463731107705,5.058856870537128,3.9249754885825
340,0.7,0.9166666666666666,0.9423076923076923,0.9375,3.4998511794955847,5.697437171989277,3.8451647783831198
341,0.7,0.7,0.925,0.9285714285714286,3.6654199104417122,5.5918876072989425,4.100301145354357
342,0.7,0.8,0.9230769230769231,0.84375,3.936962133675381,6.40047922686488,4.227253159540906
343,0.7,0.875,0.9166666666666666,0.875,3.990330273975119,5.786062819687568,4.225025463303473
344,0.7,0.9375,0.9333333333333333,1.0,3.8524040672695548,6.600378742181807,5.352840982247265
345,0.7,0.9166666666666666,0.8409090909090909,0.85,3.5505718989724655,5.4182788490546665,4.002299266355703
346,0.7,0.8125,0.7727272727272727,0.9642857142857143,3.807140796748209,5.795844686810871,4.168755147137358
347,0.7,0.9166666666666666,0.9166666666666666,0.9166666666666666,3.461184128305643,5.378671992788821,3.9511302294496757
348,0.7,0.9166666666666666,0.8333333333333334,1.0,3.6405197442708612,5.149072187203251,4.259382418988433
349,0.7,0.7,0.9107142857142857,0.8611111111111112,3.6052298952874082,5.908807602320735,3.9521790081262287
350,0.7999999999999999,0.8333333333333334,0.9230769230769231,0.9166666666666666,3.9149933574893865,5.468180364018301,4.160945074996344
351,0.7999999999999999,0.875,0.9047619047619048,1.0,3.7082586304599965,6.721513373245084,4.008353789915658
352,0.7999999999999999,0.6785714285714286,0.9090909090909091,0.8333333333333334,3.697929950544835,5.637171846521776,3.9049952061265287
353,0.7999999999999999,0.8333333333333334,0.9821428571428571,0.9166666666666666,3.640877060228094,5.861282567005213,3.9601945977401
354,0.7999999999999999,1.0,0.9583333333333334,0.9166666666666666,3.5946798748683118,5.8934178163850595,4.26248487866012
355,0.7999999999999999,0.75,0.8269230769230769,0.875,3.532756138020847,5.302324464387424,3.8693080159772753
356,0.7999999999999999,0.875,0.75,0.9642857142857143,3.6111057492050183,5.2781870497627,4.02360188874277
357,0.7999999999999999,1.0,0.9285714285714286,0.925,3.849768314823077,6.263480473267598,4.320972603716666
358,0.7999999999999999,0.5714285714285714,0.9285714285714286,0.8055555555555556,3.5690592358620097,5.419905698706947,3.7048339887000257
359,0.7999999999999999,0.8125,0.9230769230769231,0.9,3.695977293663285,5.622603213114259,4.0511641070517515
360,0.7999999999999999,0.875,0.8636363636363636,0.9583333333333334,3.6224969760314756,5.707104749907017,4.06398552549359
361,0.7999999999999999,0.9375,0.9166666666666666,1.0,3.4949678404446374,5.476001017709095,3.780921065843579
362,0.7999999999999999,0.6666666666666666,0.875,0.75,3.6165954260415876,5.4107545375842605,4.059198513054371
363,0.7999999999999999,0.875,0.95,0.9583333333333334,3.572704700090592,5.755084883368658,3.9674851035032384
364,0.7999999999999999,0.85,0.9444444444444444,0.75,3.742913588299038,5.841352843014651,14.6030587548933
365,0.7999999999999999,0.8125,0.9583333333333334,0.8571428571428571,3.6732696117772616,5.748827791624275,4.015145803170272
366,0.7999999999999999,0.8,0.859375,0.9772727272727273,3.6311802691712836,6.031527893795005,4.018587138622364
367,0.7999999999999999,0.8125,0.9722222222222222,0.8888888888888888,3.7037655029644414,5.7524271391661195,4.123175936313087
368,0.7999999999999999,0.875,0.8846153846153846,0.90625,3.829969486033543,5.925112943636915,3.94195170913568
369,0.7999999999999999,0.7142857142857143,0.9166666666666666,0.95,3.4677603299685806,5.537054095724517,3.679300723310034
370,0.7999999999999999,1.0,0.90625,0.9583333333333334,3.7608907649776984,5.470357817685732,4.125877782671471
371,0.7999999999999999,0.75,0.9375,0.9166666666666666,3.793950306343013,5.979768483988498,4.097184172579223
372,0.7999999999999999,0.9166666666666666,0.8214285714285714,0.90625,3.6675350491366214,5.859436483868619,4.141637380134759
373,0.7999999999999999,1.0,0.825,1.0,3.6161732484534226,5.578788051544444,4.011154879148497
374,0.7999999999999999,0.7916666666666666,0.9166666666666666,0.9166666666666666,3.790890273335224,6.278177438312406,3.6994544935299882
375,0.7999999999999999,1.0,0.95,1.0,3.5887144655121026,5.934269520472091,3.900120714703668
376,0.7999999999999999,0.8125,0.9,1.0,3.45572984681157,5.205139212540076,3.758702534382563
377,0.7999999999999999,0.6875,0.9583333333333334,0.8928571428571429,3.610006216311144,5.97517013929922,3.9638387386414635
378,0.7999999999999999,0.8,0.8392857142857143,0.9285714285714286,3.78832579880799,6.120701985779317,4.055518316880005
379,0.7999999999999999,0.8333333333333334,0.9166666666666666,0.9583333333333334,3.5401374986647753,5.385158456538669,3.849931588009523
380,0.7999999999999999,0.8,0.84375,0.9166666666666666,3.743515605975923,5.604508438337154,4.284361447712169
381,0.7999999999999999,0.75,0.8666666666666667,0.9166666666666666,3.3894702036966633,5.542952403758491,3.811790445697764
382,0.7999999999999999,0.8333333333333334,0.9,0.8214285714285714,3.6247912965444193,5.917075828768924,4.038531358615375
383,0.7999999999999999,0.9,0.9583333333333334,0.9166666666666666,3.8494511097883226,5.848129161035849,4.19621706803634
384,0.7999999999999999,0.8,0.8125,0.9642857142857143,3.569384733394627,5.691235887463421,3.9372789295766486
385,0.7999999999999999,0.75,0.9333333333333333,0.75,3.884226961277816,6.091810673428644,4.145817188781708
386,0.7999999999999999,0.7083333333333334,0.8571428571428571,0.825,3.5086603512264554,5.397981840556308,3.747941254199133
387,0.7999999999999999,0.8125,0.9090909090909091,0.9375,3.638339747237872,5.595064983082676,3.9246085695932615
388,0.7999999999999999,0.9166666666666666,1.0,0.875,3.798107288212807,5.655847663667084,4.13508249661442
389,0.7999999999999999,0.75,0.9166666666666666,0.9642857142857143,3.6126463731107705,5.360305015891296,3.929736126967217
390,0.7999999999999999,0.9166666666666666,0.9791666666666666,1.0,3.4998511794955847,6.036334232653684,3.8059616636129183
391,0.7999999999999999,0.7,0.9166666666666666,0.90625,3.6654199104417122,5.2164286215678075,4.256878233218211
392,0.7999999999999999,0.8,0.9107142857142857,0.84375,3.9369621336753804,6.404617274375589,4.2221895214887475
393,0.7999999999999999,0.875,0.9166666666666666,0.875,3.9903302739751183,5.786062819687566,4.209041693794371
394,0.7999999999999999,0.9375,0.9333333333333333,1.0,3.852404067269555,6.600378742181807,4.394679406334184
395,0.7999999999999999,0.9166666666666666,0.8409090909090909,0.85,3.5505718989724655,5.418278849054667,3.9879994396682457
396,0.7999999999999999,0.8125,0.7727272727272727,0.9642857142857143,3.807140796748209,5.795844686810871,4.150221375990458
397,0.7999999999999999,0.9166666666666666,0.875,0.9583333333333334,3.461184128305644,5.231858249210676,3.948317769433108
398,0.7999999999999999,0.9166666666666666,0.8333333333333334,1.0,3.6405197442708612,5.162687981385351,4.249048108557515
399,0.7999999999999999,0.7,0.953125,0.8611111111111112,3.6052298952874082,6.080774113077104,3.9444227171101724
400,0.8999999999999999,0.8333333333333334,0.9230769230769231,0.9166666666666666,3.914993357489387,5.468180364018301,4.15425331223931
401,0.8999999999999999,0.875,0.875,1.0,3.7082586304599965,6.578408228419166,4.007960937085477
402,0.8999999999999999,0.6785714285714286,0.9090909090909091,0.8333333333333334,3.697929950544835,5.637171846521776,3.9044275802855646
403,0.8999999999999999,0.8333333333333334,0.9821428571428571,0.9583333333333334,3.6408770602280938,5.861282567005213,3.944594954648728
404,0.8999999999999999,1.0,0.85,0.9166666666666666,3.5946798748683118,5.823431443104274,4.220904461659509
405,0.8999999999999999,0.75,0.8166666666666667,0.8541666666666666,3.532756138020847,5.548960289311264,3.888505938867183
406,0.8999999999999999,0.875,0.75,0.9642857142857143,3.6111057492050183,5.2781870497627,4.021244593794439
407,0.8999999999999999,1.0,0.9285714285714286,0.925,3.849768314823077,6.263480473267598,4.3165824459227
408,0.8999999999999999,0.59375,0.9285714285714286,0.8055555555555556,3.572955989434485,5.419905698706947,3.7013774965981536
409,0.8999999999999999,0.8125,0.9230769230769231,0.9,3.695977293663285,5.622603213114259,4.0430698454406615
410,0.8999999999999999,0.875,0.8636363636363636,0.9583333333333334,3.622496976031475,5.707104749907017,4.0612556041588554
411,0.8999999999999999,0.9375,0.9583333333333334,1.0,3.4949678404446374,5.379131728118812,3.815148028848112
412,0.8999999999999999,0.6666666666666666,0.8636363636363636,0.8,3.6165954260415876,5.583100425137381,4.073036874103144
413,0.8999999999999999,0.875,0.95,0.9166666666666666,3.5727047000905916,5.781170057852384,3.961099521152503
414,0.8999999999999999,0.85,0.9285714285714286,0.875,3.742913588299038,6.165291152858168,4.0786723629617
415,0.8999999999999999,0.8125,0.9583333333333334,0.8571428571428571,3.673269611777261,5.748827791624275,4.007767983369868
416,0.8999999999999999,0.8,0.875,0.9318181818181818,3.6311802691712827,6.123543216240396,4.006001053621803
417,0.8999999999999999,0.8125,0.9722222222222222,0.8888888888888888,3.7037655029644414,5.7524271391661195,4.1149425400427075
418,0.8999999999999999,0.875,0.8846153846153846,0.90625,3.829969486033543,5.925112943636915,3.9395530913243544
419,0.8999999999999999,0.7142857142857143,0.9166666666666666,0.95,3.4677603299685806,5.537054095724517,3.675552741998402
420,0.8999999999999999,1.0,0.875,0.9583333333333334,3.7608907649776975,5.677778658559954,4.037937899671358
421,0.8999999999999999,0.75,1.0,0.8333333333333334,3.7939503063430133,6.3311594528764354,4.074340384960517
422,0.8999999999999999,0.9166666666666666,0.8214285714285714,0.90625,3.6675350491366214,5.859436483868619,4.137695990872025
423,0.8999999999999999,1.0,0.84375,1.0,3.6161732484534217,5.598065802259859,3.915546598695027
424,0.8999999999999999,0.7916666666666666,0.9375,0.9722222222222222,3.7908902733352234,6.076399577801105,3.753279391834528
425,0.8999999999999999,1.0,0.95,1.0,3.5887144655121035,5.934269520472091,3.892688392321023
426,0.8999999999999999,0.8125,0.84375,0.95,3.45572984681157,4.94916877181735,3.725241885855579
427,0.8999999999999999,0.6875,0.9583333333333334,0.8928571428571429,3.610006216311144,5.97517013929922,3.9621149063105947
428,0.8999999999999999,0.8,0.8970588235294118,0.9642857142857143,3.7883257988079904,6.106545171033168,4.047341884452838
429,0.8999999999999999,0.8333333333333334,0.9166666666666666,0.9583333333333334,3.5401374986647753,5.385158456538669,3.8412722684361427
430,0.8999999999999999,0.8,0.84375,0.9166666666666666,3.743515605975923,5.604508438337154,4.277122890309944
431,0.8999999999999999,0.75,0.8666666666666667,0.9166666666666666,3.3894702036966633,5.542952403758491,3.804717018738733
432,0.8999999999999999,0.8333333333333334,0.8928571428571429,0.8214285714285714,3.6247912965444193,5.8011536596066025,4.0140400895669
433,0.8999999999999999,0.9,0.8888888888888888,0.9166666666666666,3.8494511097883226,5.720676444733274,4.175795957003521
434,0.8999999999999999,0.8,0.9090909090909091,0.8571428571428571,3.5693847333946267,5.550267948096534,3.9089203646858763
435,0.8999999999999999,0.75,0.9,0.6428571428571429,3.884226961277816,5.887297537422279,4.119447928291463
436,0.8999999999999999,0.7083333333333334,0.8571428571428571,0.825,3.5086603512264554,5.397981840556307,3.747584716447065
437,0.8999999999999999,0.8125,0.9090909090909091,0.9375,3.638339747237872,5.595064983082676,3.920282376827678
438,0.8999999999999999,0.9166666666666666,0.9583333333333334,0.9583333333333334,3.7981072882128064,5.603730980553249,4.174655812263258
439,0.8999999999999999,0.75,0.9166666666666666,0.9642857142857143,3.6126463731107705,5.360305015891296,3.928407718623248
440,0.8999999999999999,0.9166666666666666,0.9791666666666666,1.0,3.4998511794955856,6.036334232653684,3.799621235934505
441,0.8999999999999999,0.7,0.9090909090909091,0.9375,3.665419910441713,5.55807552746692,4.265112099333105
442,0.8999999999999999,0.8,0.8833333333333333,0.90625,3.9369621336753804,6.426278852349224,4.257199617068181
443,0.8999999999999999,0.875,0.9166666666666666,0.875,3.9903302739751183,5.786062819687568,4.196229607791321
444,0.8999999999999999,0.9375,0.9615384615384616,0.9583333333333334,3.852404067269555,6.4349881006739205,4.346459719543814
445,0.8999999999999999,0.9166666666666666,0.8409090909090909,0.85,3.5505718989724646,5.418278849054667,3.9809931438965327
446,0.8999999999999999,0.8125,0.7727272727272727,0.9642857142857143,3.807140796748209,5.79584468681087,4.136351721292261
447,0.8999999999999999,0.9166666666666666,0.9166666666666666,0.9166666666666666,3.461184128305643,5.378671992788821,3.9373159724466356
448,0.8999999999999999,0.9166666666666666,0.8333333333333334,1.0,3.6405197442708617,5.176142793475818,4.241957825937102
449,0.8999999999999999,0.7,0.953125,0.8611111111111112,3.6052298952874082,6.080774113077103,3.938492791536047
450,0.9999999999999999,0.8333333333333334,0.9230769230769231,0.9166666666666666,3.914993357489386,5.468180364018301,4.148260554116543
451,0.9999999999999999,0.875,0.875,1.0,3.708258630459996,6.578408228419166,4.007316719343026
452,0.9999999999999999,0.6785714285714286,0.9090909090909091,0.8333333333333334,3.697929950544835,5.637171846521776,3.9041085788762757
453,0.9999999999999999,0.8333333333333334,0.9821428571428571,0.9583333333333334,3.640877060228094,5.861282567005213,3.93771947943968
454,0.9999999999999999,1.0,0.85,0.875,3.5946798748683118,5.823431443104274,4.2193847639742
455,0.9999999999999999,0.75,0.7666666666666667,0.8541666666666666,3.532756138020847,5.650551917351877,3.8607158937018116
456,0.9999999999999999,0.875,0.8409090909090909,0.9642857142857143,3.6111057492050174,5.792153868631761,4.087459751692268
457,0.9999999999999999,1.0,0.9285714285714286,0.925,3.849768314823077,6.263480473267598,4.312853153042188
458,0.9999999999999999,0.59375,0.9285714285714286,0.8055555555555556,3.572955989434485,5.419905698706949,3.6997055575751165
459,0.9999999999999999,0.8125,0.9230769230769231,0.95,3.695977293663285,5.629621988173014,4.072274846209815
460,0.9999999999999999,0.875,0.8636363636363636,0.9583333333333334,3.622496976031476,5.707104749907016,4.060076324583181
461,0.9999999999999999,0.9375,0.9166666666666666,1.0,3.4949678404446374,5.476001017709095,3.762272470226262
462,0.9999999999999999,0.6666666666666666,0.875,0.75,3.6165954260415867,5.450572993694576,4.050977591270966
463,0.9999999999999999,0.875,0.9210526315789473,0.9166666666666666,3.572704700090592,6.108982475048045,3.971512980444072
464,0.9999999999999999,0.85,0.9285714285714286,0.875,3.742913588299037,6.165291152858168,4.071763240708051
465,0.9999999999999999,0.8125,0.9583333333333334,0.8571428571428571,3.673269611777261,5.748827791624275,4.000618136621641
466,0.9999999999999999,0.8,0.859375,0.9772727272727273,3.6311802691712827,6.031527893795005,4.016238157764265
467,0.9999999999999999,0.8125,0.9722222222222222,0.8888888888888888,3.703765502964442,5.7524271391661195,4.10633317818112
468,0.9999999999999999,0.875,0.8846153846153846,0.90625,3.829969486033543,5.925112943636915,3.9378141843412564
469,0.9999999999999999,0.7142857142857143,0.9166666666666666,0.95,3.4677603299685806,5.537054095724517,3.67513364878761
470,0.9999999999999999,1.0,0.875,0.9583333333333334,3.7608907649776975,5.677778658559954,4.02810224159203
471,0.9999999999999999,0.75,0.9375,0.9166666666666666,3.793950306343013,5.979768483988498,4.072555439577962
472,0.9999999999999999,0.9166666666666666,0.8214285714285714,0.90625,3.6675350491366214,5.859436483868619,4.134237654293858
473,0.9999999999999999,1.0,0.84375,1.0,3.6161732484534217,5.598065802259858,3.9043690871940626
474,0.9999999999999999,0.7916666666666666,0.9,0.9166666666666666,3.790890273335224,6.190009069405198,3.6928306039757226
475,0.9999999999999999,1.0,0.95,1.0,3.5887144655121026,5.934269520472091,3.8877467888002144
476,0.9999999999999999,0.8125,0.9,1.0,3.45572984681157,5.205139212540075,3.741489006602459
477,0.9999999999999999,0.6875,0.9615384615384616,0.9642857142857143,3.610006216311144,6.136561126188502,4.004626465370126
478,0.9999999999999999,0.8,0.8392857142857143,0.9285714285714286,3.7883257988079904,6.148376214657509,4.037653203944741
479,0.9999999999999999,0.8333333333333334,0.9166666666666666,0.9583333333333334,3.5401374986647753,5.51415474687856,3.827396719901568
480,0.9999999999999999,0.8,0.84375,0.9166666666666666,3.743515605975923,5.604508438337154,4.274373313601835
481,0.9999999999999999,0.75,0.84375,0.9166666666666666,3.3894702036966633,5.581748165680125,3.8005106058484324
482,0.9999999999999999,0.8333333333333334,0.8928571428571429,0.8214285714285714,3.6247912965444193,5.8011536596066025,3.9966866783488406
483,0.9999999999999999,0.9,0.8888888888888888,0.9166666666666666,3.8494511097883235,5.720676444733274,4.171404892544169
484,0.9999999999999999,0.8,0.9,0.8928571428571429,3.569384733394627,5.471959432917153,3.9006982635203165
485,0.9999999999999999,0.75,0.9333333333333333,0.75,3.884226961277816,6.091810673428644,4.1320793767564306
486,0.9999999999999999,0.7083333333333334,0.8833333333333333,0.85,3.5086603512264554,5.418478952052961,3.7686351540362324
487,0.9999999999999999,0.8125,0.9090909090909091,0.9375,3.638339747237872,5.595064983082676,3.9175907930437863
488,0.9999999999999999,0.9166666666666666,0.9583333333333334,0.9583333333333334,3.798107288212807,5.603730980553249,4.163903477486335
489,0.9999999999999999,0.75,0.9166666666666666,0.9642857142857143,3.6126463731107705,5.360305015891296,3.9270172496365903
490,0.9999999999999999,0.9166666666666666,0.9423076923076923,0.9375,3.4998511794955847,5.697437171989277,3.826227536836359
491,0.9999999999999999,0.7,0.9090909090909091,0.9375,3.665419910441713,5.55807552746692,4.263520192069829
492,0.9999999999999999,0.8,0.9107142857142857,0.84375,3.936962133675381,6.404617274375589,4.214977781590601
493,0.9999999999999999,0.75,0.9166666666666666,0.875,3.952472938128851,5.786062819687568,4.187894042577308
494,0.9999999999999999,0.9375,0.9333333333333333,1.0,3.852404067269555,6.600378742181807,4.388597161870432
495,0.9999999999999999,0.9166666666666666,0.8409090909090909,0.85,3.5505718989724655,5.4182788490546665,3.973608179326665
496,0.9999999999999999,0.8125,0.95,0.9285714285714286,3.807140796748209,5.682465013984291,4.132581754432667
497,0.9999999999999999,0.9166666666666666,0.875,0.9583333333333334,3.461184128305643,5.231858249210676,3.9393607448494508
498,0.9999999999999999,0.9166666666666666,0.8333333333333334,1.0,3.6405197442708626,5.189458202645428,4.230306534907018
499,0.9999999999999999,0.7,0.953125,0.8611111111111112,3.6052298952874082,6.080774113077103,3.9327669019324167
500,1.0999999999999999,0.8333333333333334,0.9375,0.9166666666666666,3.914993357489387,5.451953362684126,4.1760911268688945
501,1.0999999999999999,0.875,0.921875,1.0,3.7082586304599965,5.933829848109622,3.9772283101899757
502,1.0999999999999999,0.6785714285714286,0.9090909090909091,0.8333333333333334,3.697929950544835,5.637171846521777,3.903592244482886
503,1.0999999999999999,0.8333333333333334,0.9583333333333334,1.0,3.6408770602280938,5.515410950148618,3.9535366187081653
504,1.0999999999999999,1.0,0.9583333333333334,0.9166666666666666,3.5946798748683104,5.893417816385058,4.25595864438527
505,1.0999999999999999,0.75,0.8846153846153846,0.9166666666666666,3.532756138020847,5.489016081079557,3.8702858076506117
506,1.0999999999999999,0.875,0.75,0.9285714285714286,3.611105749205018,5.2781870497627,4.015827891042946
507,1.0999999999999999,1.0,0.9285714285714286,0.925,3.849768314823077,6.2634804732676,4.310078235885956
508,1.0999999999999999,0.59375,0.9285714285714286,0.7777777777777778,3.572955989434485,5.419905698706947,3.6974657318532382
509,1.0999999999999999,0.8125,0.9230769230769231,0.9,3.6959772936632853,5.622603213114259,4.035982592468394
510,1.0999999999999999,0.875,0.875,0.9642857142857143,3.6224969760314756,6.055581418635496,4.064354083871924
511,1.0999999999999999,0.9375,0.9583333333333334,1.0,3.4949678404446374,5.379131728118812,3.8032979279820447
512,1.0999999999999999,0.6666666666666666,0.875,0.75,3.6165954260415867,5.4702803959042665,4.047638531253542
513,1.0999999999999999,0.875,0.9318181818181818,0.9166666666666666,3.572704700090592,5.530695013695938,3.9562496808360215
514,1.0999999999999999,0.85,0.9285714285714286,0.875,3.742913588299038,6.165291152858168,4.0682822971293175
515,1.0999999999999999,0.8125,0.9,0.8928571428571429,3.673269611777261,5.611411337570692,3.9927580174326214
516,1.0999999999999999,0.8,0.875,0.9090909090909091,3.6311802691712827,6.123543216240396,4.004108010973272
517,1.0999999999999999,0.8125,0.9722222222222222,0.8888888888888888,3.703765502964442,5.7524271391661195,4.099622804918209
518,1.0999999999999999,0.875,0.8863636363636364,0.875,3.829969486033543,5.962344127454991,3.9336519956966
519,1.0999999999999999,0.7142857142857143,0.9166666666666666,0.95,3.4677603299685806,5.537054095724517,3.674251148729522
520,1.0999999999999999,1.0,0.875,0.9583333333333334,3.7608907649776975,5.677778658559954,4.022192139105909
521,1.0999999999999999,0.75,0.9642857142857143,0.8333333333333334,3.793950306343013,6.216347515011807,4.057775725560995
522,1.0999999999999999,0.9166666666666666,0.8214285714285714,0.90625,3.6675350491366228,5.859436483868619,4.131167195655824
523,1.0999999999999999,1.0,0.84375,1.0,3.6161732484534226,5.598065802259859,3.893502909844279
524,1.0999999999999999,0.7916666666666666,0.9,0.9166666666666666,3.7908902733352234,6.190009069405198,3.6907137589877763
525,1.0999999999999999,1.0,0.9230769230769231,1.0,3.5887144655121026,6.127373589091854,3.8803071258636255
526,1.0999999999999999,0.8125,0.9,1.0,3.45572984681157,5.205139212540077,3.737646221508617
527,1.0999999999999999,0.6875,0.9583333333333334,0.8928571428571429,3.610006216311144,5.97517013929922,3.9591499857615204
528,1.0999999999999999,0.8,0.8392857142857143,0.9285714285714286,3.7883257988079904,6.162098879617316,4.030257303888122
529,1.0999999999999999,0.8333333333333334,0.9166666666666666,0.9285714285714286,3.5401374986647753,6.318756977109763,3.8813754476998175
530,1.0999999999999999,0.8,0.84375,0.9166666666666666,3.7435156059759223,5.604508438337154,4.272706494295798
531,1.0999999999999999,0.75,0.8269230769230769,1.0,3.3894702036966633,5.410061226018153,3.814888960683385
532,1.0999999999999999,0.8333333333333334,0.8928571428571429,0.8214285714285714,3.6247912965444193,5.8011536596066025,3.981779688249729
533,1.0999999999999999,0.9,0.8888888888888888,0.9166666666666666,3.8494511097883226,5.720676444733274,4.168129429244531
534,1.0999999999999999,0.8,0.9,0.8928571428571429,3.5693847333946267,5.471959432917153,3.891416873941367
535,1.0999999999999999,0.75,0.9,0.6428571428571429,3.884226961277816,5.887297537422279,4.098786856841941
536,1.0999999999999999,0.7083333333333334,0.8571428571428571,0.825,3.5086603512264554,5.397981840556307,3.7458095698614335
537,1.0999999999999999,0.8125,0.9090909090909091,0.9375,3.638339747237872,5.595064983082676,3.9153676759886613
538,1.0999999999999999,0.9166666666666666,0.9583333333333334,0.9583333333333334,3.798107288212807,5.603730980553249,4.1570191582721625
539,1.0999999999999999,0.75,0.9166666666666666,0.9642857142857143,3.6126463731107705,5.360305015891296,3.9258148051338546
540,1.0999999999999999,0.9166666666666666,0.9423076923076923,0.9375,3.4998511794955847,5.697437171989277,3.8234168992818187
541,1.0999999999999999,0.7,0.9090909090909091,0.9375,3.665419910441712,5.55807552746692,4.258228453995841
542,1.0999999999999999,0.8,0.9107142857142857,0.84375,3.936962133675381,6.404617274375588,4.211643407532078
543,1.0999999999999999,0.75,0.9166666666666666,0.8333333333333334,3.952472938128851,5.786062819687566,4.17983834286175
544,1.0999999999999999,0.9375,0.9333333333333333,1.0,3.852404067269555,6.600378742181806,4.386548295817376
545,1.0999999999999999,0.9166666666666666,0.8409090909090909,0.85,3.5505718989724655,5.418278849054667,3.967352034778762
546,1.0999999999999999,0.8125,0.95,0.9285714285714286,3.807140796748209,5.68246501398429,4.123128676248572
547,1.0999999999999999,0.9166666666666666,0.875,0.9583333333333334,3.461184128305644,5.231858249210676,3.937484731448033
548,1.0999999999999999,0.9166666666666666,0.9375,1.0,3.6405197442708626,5.115463894601676,4.221241883844168
549,1.0999999999999999,0.7,0.875,0.8611111111111112,3.6052298952874082,5.6105969051472595,3.893991844710113
550,1.2,0.8333333333333334,0.9642857142857143,0.8571428571428571,3.9149933574893865,6.40741666461173,4.115746569714615
551,1.2,0.875,0.921875,1.0,3.7082586304599965,5.933829848109623,3.9765227708860813
552,1.2,0.6785714285714286,0.9318181818181818,0.8333333333333334,3.697929950544835,5.746338939515249,3.8840632803357704
553,1.2,0.8333333333333334,0.9807692307692307,0.9583333333333334,3.6408770602280938,5.792104574211637,3.9226585960408062
554,1.2,1.0,0.9583333333333334,0.9166666666666666,3.5946798748683118,5.8934178163850595,4.254543598660998
555,1.2,0.75,0.7666666666666667,0.8541666666666666,3.532756138020847,5.650551917351877,3.8574555139771967
556,1.2,0.875,0.8409090909090909,0.9642857142857143,3.6111057492050183,5.792153868631761,4.083905834154689
557,1.2,1.0,0.9285714285714286,0.925,3.8497683148230766,6.2634804732676,4.3076171161721195
558,1.2,0.59375,0.9,0.7777777777777778,3.572955989434485,5.4290328638665635,3.7432802442588247
559,1.2,0.8125,0.9230769230769231,0.85,3.695977293663285,5.6226032131142585,4.033835456520177
560,1.2,0.875,0.875,0.9642857142857143,3.622496976031475,6.055581418635496,4.055782174334794
561,1.2,0.9375,0.9166666666666666,1.0,3.4949678404446374,5.476001017709095,3.752035499528226
562,1.2,0.6666666666666666,0.8636363636363636,0.85,3.6165954260415876,5.58310042513738,4.060140236059519
563,1.2,0.875,0.9210526315789473,0.9166666666666666,3.5727047000905916,6.108982475048045,3.9656902718778917
564,1.2,0.85,0.9285714285714286,0.875,3.742913588299037,6.165291152858168,4.065487764790557
565,1.2,0.8125,0.9,0.8928571428571429,3.6732696117772616,5.611411337570692,3.9891193106888148
566,1.2,0.8,0.875,0.9090909090909091,3.631180269171284,6.123543216240396,4.00298398046597
567,1.2,0.8125,0.9615384615384616,0.8611111111111112,3.7037655029644414,6.014526341075065,4.1179591887907385
568,1.2,0.875,0.8863636363636364,0.875,3.829969486033543,5.9623441274549895,3.931420380078942
569,1.2,0.75,0.9166666666666666,0.95,3.445912757323233,5.537054095724517,3.6731635072129194
570,1.2,1.0,0.90625,0.9583333333333334,3.7608907649776975,5.470357817685734,4.0897139555309865
571,1.2,0.75,0.9642857142857143,0.8333333333333334,3.793950306343013,6.216347515011807,4.053282673270041
572,1.2,0.9166666666666666,0.8214285714285714,0.875,3.6675350491366223,5.859436483868619,4.128914030400932
573,1.2,1.0,0.84375,1.0,3.6161732484534217,5.598065802259859,3.8878634613986742
574,1.2,0.7916666666666666,0.9,0.9166666666666666,3.7908902733352243,6.190009069405198,3.6886802097853035
575,1.2,1.0,0.95,1.0,3.5887144655121026,5.934269520472091,3.8805754600202724
576,1.2,0.8125,0.8611111111111112,0.9166666666666666,3.45572984681157,5.354401034778532,3.7433817156380265
577,1.2,0.6875,0.9615384615384616,0.9285714285714286,3.610006216311144,6.136561126188503,4.000841566509568
578,1.2,0.8,0.8833333333333333,0.9285714285714286,3.7883257988079904,6.114172495569831,4.024390790118848
579,1.2,0.8333333333333334,0.9318181818181818,0.8928571428571429,3.5401374986647753,5.41543024301799,3.9153732259132004
580,1.2,0.8,0.84375,0.9166666666666666,3.743515605975923,5.604508438337154,4.272023832381473
581,1.2,0.75,0.8269230769230769,1.0,3.3894702036966633,5.410061226018153,3.8125915264519725
582,1.2,0.8333333333333334,0.9107142857142857,0.8214285714285714,3.6247912965444193,5.85120951251181,3.969761245342654
583,1.2,0.9,0.9583333333333334,0.9166666666666666,3.8494511097883226,5.848129161035849,4.1802222171361825
584,1.2,0.8,0.8076923076923077,0.9642857142857143,3.5693847333946267,5.713951461291187,3.9013949885335566
585,1.2,0.75,0.9,0.6428571428571429,3.884226961277816,5.887297537422279,4.09166143351779
586,1.2,0.7083333333333334,0.8571428571428571,0.825,3.5086603512264554,5.397981840556308,3.7452394591263833
587,1.2,0.8125,0.9090909090909091,0.9375,3.638339747237872,5.595064983082676,3.9143548400426633
588,1.2,0.9166666666666666,0.90625,0.875,3.798107288212807,5.523468165577242,4.112264592167765
589,1.2,0.75,0.85,0.8928571428571429,3.6126463731107696,5.058856870537129,3.9180782113098536
590,1.2,0.9166666666666666,0.9166666666666666,0.9375,3.4998511794955847,5.626463110153715,3.821358230992455
591,1.2,0.7,0.9090909090909091,0.90625,3.665419910441713,5.55807552746692,4.2590774647159595
592,1.2,0.8,0.9107142857142857,0.84375,3.9369621336753804,6.40461727437559,4.210185748562864
593,1.2,0.75,0.9166666666666666,0.8333333333333334,3.9524729381288517,5.786062819687568,4.1750399676542
594,1.2,0.9375,0.9615384615384616,0.9583333333333334,3.852404067269555,6.4349881006739205,4.337484864659366
595,1.2,0.9166666666666666,0.8409090909090909,0.85,3.5505718989724655,5.418278849054668,3.9631007730947743
596,1.2,0.8125,0.7727272727272727,0.9642857142857143,3.807140796748209,5.795844686810871,4.105001834927686
597,1.2,0.9166666666666666,0.875,0.9583333333333334,3.461184128305644,5.231858249210676,3.9353247980534167
598,1.2,0.9166666666666666,0.9375,1.0,3.6405197442708626,5.115463894601676,4.211729161154259
599,1.2,0.7,0.953125,0.8611111111111112,3.6052298952874082,6.080774113077104,3.925778910211148
600,1.3,0.8333333333333334,0.9642857142857143,0.8571428571428571,3.9149933574893865,6.4074166646117305,4.114945585896659
601,1.3,0.875,0.875,1.0,3.7082586304599965,6.578408228419164,4.00543438392499
602,1.3,0.6785714285714286,0.9090909090909091,0.8333333333333334,3.697929950544835,5.637171846521776,3.902984596129806
603,1.3,0.8333333333333334,0.9807692307692307,0.9583333333333334,3.6408770602280938,5.792104574211637,3.918360233779255
604,1.3,1.0,0.85,0.875,3.5946798748683118,5.823431443104274,4.216677677462552
605,1.3,0.75,0.7666666666666667,0.8541666666666666,3.532756138020847,5.650551917351877,3.8563245543135705
606,1.3,0.875,0.8409090909090909,0.9285714285714286,3.611105749205018,5.792153868631761,4.082512190611181
607,1.3,1.0,0.9285714285714286,0.925,3.849768314823077,6.2634804732676,4.306238478251522
608,1.3,0.59375,0.9285714285714286,0.7777777777777778,3.572955989434485,5.419905698706949,3.6952823859146116
609,1.3,0.8125,0.9230769230769231,0.85,3.695977293663285,5.622603213114259,4.032344427496257
610,1.3,0.875,0.875,0.9642857142857143,3.6224969760314756,6.055581418635497,4.047519562162756
611,1.3,0.9375,0.9166666666666666,1.0,3.4949678404446374,5.476001017709095,3.7482417829415993
612,1.3,0.6666666666666666,0.8333333333333334,0.75,3.6165954260415867,5.240020988204011,4.0421237953653835
613,1.3,0.875,0.9210526315789473,0.9166666666666666,3.5727047000905916,6.108982475048045,3.963790956054512
614,1.3,0.85,0.9285714285714286,0.875,3.742913588299038,6.165291152858168,4.063486062312636
615,1.3,0.8125,0.9,0.8928571428571429,3.673269611777261,5.611411337570692,3.986356466028155
616,1.3,0.8,0.859375,0.9772727272727273,3.631180269171284,6.031527893795005,4.014416529237777
617,1.3,0.8125,0.9615384615384616,0.8611111111111112,3.703765502964442,6.014526341075065,4.111949303403743
618,1.3,0.875,0.8541666666666666,0.90625,3.829969486033543,5.877736214283435,3.933878807540063
619,1.3,0.75,0.9166666666666666,0.95,3.445912757323233,5.537054095724517,3.6719418733886506
620,1.3,1.0,0.875,0.9583333333333334,3.760890764977699,5.677778658559954,4.014061533815705
621,1.3,0.75,0.9375,0.9166666666666666,3.793950306343013,5.979768483988498,4.052762577150593
622,1.3,0.9166666666666666,0.8214285714285714,0.875,3.6675350491366214,5.859436483868619,4.127572061235492
623,1.3,1.0,0.84375,1.0,3.6161732484534226,5.598065802259859,3.8836913066988634
624,1.3,0.7916666666666666,0.9,0.9166666666666666,3.7908902733352243,6.190009069405198,3.6868485068081065
625,1.3,1.0,0.95,1.0,3.5887144655121026,5.934269520472091,3.8783949051257474
626,1.3,0.8125,0.8611111111111112,0.9166666666666666,3.45572984681157,5.354401034778532,3.7408182087214272
627,1.3,0.6875,0.9583333333333334,0.8928571428571429,3.6100062163111435,5.97517013929922,3.957621983952218
628,1.3,0.8,0.8970588235294118,0.9642857142857143,3.7883257988079904,6.106545171033169,4.0243578343756665
629,1.3,0.8333333333333334,0.9166666666666666,0.9285714285714286,3.5401374986647753,6.318756977109763,3.878556102842436
630,1.3,0.8,0.84375,0.9166666666666666,3.743515605975923,5.604508438337155,4.270432712450543
631,1.3,0.75,0.84375,0.9166666666666666,3.3894702036966633,5.581748165680124,3.795567047649701
632,1.3,0.8333333333333334,0.9107142857142857,0.8214285714285714,3.6247912965444193,5.85120951251181,3.961059526386284
633,1.3,0.9,0.9583333333333334,0.9166666666666666,3.8494511097883226,5.848129161035849,4.177563689601572
634,1.3,0.8,0.8076923076923077,0.9642857142857143,3.569384733394627,5.713951461291187,3.8971943190032063
635,1.3,0.75,0.9,0.6428571428571429,3.884226961277816,5.887297537422279,4.086094238740146
636,1.3,0.7083333333333334,0.8833333333333333,0.85,3.5086603512264554,5.418478952052962,3.7673774713697705
637,1.3,0.8125,0.9090909090909091,0.9375,3.638339747237871,5.595064983082676,3.912789282989597
638,1.3,0.9166666666666666,0.9583333333333334,0.9583333333333334,3.7981072882128064,5.603730980553249,4.145054841481528
639,1.3,0.75,0.9,0.9642857142857143,3.6126463731107705,5.311871231569721,3.9240346191311817
640,1.3,0.9166666666666666,0.9791666666666666,1.0,3.4998511794955847,6.036334232653684,3.7841190207814077
641,1.3,0.7,0.9090909090909091,0.90625,3.665419910441713,5.55807552746692,4.257708043827416
642,1.3,0.8,0.9107142857142857,0.84375,3.9369621336753804,6.404617274375588,4.20915252496703
643,1.3,0.75,0.9166666666666666,0.8333333333333334,3.9524729381288517,5.786062819687568,4.171238626879837
644,1.3,0.9375,0.9615384615384616,0.9583333333333334,3.8524040672695556,6.4349881006739205,4.335630211640819
645,1.3,0.9166666666666666,0.8409090909090909,0.85,3.5505718989724655,5.418278849054668,3.9601550864980646
646,1.3,0.8125,0.7727272727272727,0.9642857142857143,3.8071407967482083,5.795844686810871,4.100851959766042
647,1.3,0.9166666666666666,0.9166666666666666,0.9166666666666666,3.461184128305644,5.378671992788821,3.9271246492576677
648,1.3,0.9166666666666666,0.9375,1.0,3.6405197442708612,5.115463894601676,4.203893696310532
649,1.3,0.7,0.875,0.8611111111111112,3.6052298952874082,5.61059690514726,3.8881928477799943
650,1.4,0.8333333333333334,0.9285714285714286,0.9285714285714286,3.9149933574893865,6.315760520475989,4.090915529103222
651,1.4,0.875,0.875,1.0,3.7082586304599965,6.578408228419164,4.005109360606279
652,1.4,0.6785714285714286,0.9090909090909091,0.8333333333333334,3.697929950544835,5.637171846521776,3.902593378324131
653,1.4,0.8333333333333334,0.9583333333333334,1.0,3.6408770602280938,5.515410950148618,3.9441962415029628
654,1.4,1.0,0.9038461538461539,0.9166666666666666,3.5946798748683118,5.9580173566041275,4.251812891885977
655,1.4,0.75,0.8846153846153846,0.9166666666666666,3.532756138020847,5.489016081079557,3.867578374899445
656,1.4,0.875,0.75,0.8928571428571429,3.611105749205018,5.2781870497627,4.010666086259986
657,1.4,1.0,0.9285714285714286,0.925,3.849768314823077,6.263480473267598,4.305144811319737
658,1.4,0.59375,0.9285714285714286,0.7777777777777778,3.572955989434485,5.419905698706949,3.6944151264799876
659,1.4,0.8125,0.9230769230769231,0.95,3.695977293663285,5.629621988173014,4.0645582479100275
660,1.4,0.875,0.9375,1.0,3.622496976031475,6.210337474008671,4.050577485328499
661,1.4,0.9375,0.9423076923076923,1.0,3.4949678404446374,5.414211212028447,3.79354932730552
662,1.4,0.6666666666666666,0.8333333333333334,0.75,3.6165954260415867,5.240020988204011,4.040191011765336
663,1.4,0.875,0.9210526315789473,0.9166666666666666,3.5727047000905916,6.108982475048045,3.962862530813922
664,1.4,0.85,0.9,0.8333333333333334,3.742913588299038,5.8527553210869385,4.052433860112555
665,1.4,0.8125,0.9583333333333334,0.8571428571428571,3.673269611777261,5.748827791624275,3.9892876521537133
666,1.4,0.8,0.875,0.9318181818181818,3.631180269171284,6.123543216240396,4.001219932617922
667,1.4,0.8125,0.9722222222222222,0.8888888888888888,3.703765502964442,5.7524271391661195,4.0889096556655256
668,1.4,0.875,0.8541666666666666,0.90625,3.829969486033543,5.877736214283435,3.9328138115445173
669,1.4,0.75,0.875,0.925,3.445912757323233,5.7569334810670245,3.6920761606655526
670,1.4,1.0,0.90625,0.9583333333333334,3.7608907649776975,5.470357817685733,4.081140416747308
671,1.4,0.75,0.9375,0.9166666666666666,3.793950306343013,5.979768483988498,4.049642590320439
672,1.4,0.9166666666666666,0.8214285714285714,0.875,3.6675350491366214,5.859436483868619,4.126490327700992
673,1.4,1.0,0.84375,1.0,3.6161732484534217,5.598065802259857,3.8809052824841865
674,1.4,0.7916666666666666,0.9,0.9166666666666666,3.790890273335224,6.190009069405198,3.6851835350049194
675,1.4,1.0,0.9230769230769231,1.0,3.5887144655121026,6.127373589091851,3.878834010128573
676,1.4,0.8125,0.875,0.9583333333333334,3.45572984681157,5.484900986915112,3.7750098185277667
677,1.4,0.6875,0.9583333333333334,0.8928571428571429,3.6100062163111435,5.97517013929922,3.9571672500266573
678,1.4,0.8,0.8833333333333333,0.9285714285714286,3.7883257988079904,6.114172495569831,4.016017946088813
679,1.4,0.8333333333333334,0.9318181818181818,0.8928571428571429,3.5401374986647753,5.41543024301799,3.9113546300992224
680,1.4,0.8,0.84375,0.9166666666666666,3.743515605975923,5.604508438337154,4.269032642948487
681,1.4,0.75,0.8269230769230769,1.0,3.3894702036966633,5.410061226018153,3.8074182551112266
682,1.4,0.8333333333333334,0.9107142857142857,0.8214285714285714,3.6247912965444193,5.851209512511809,3.9550739791232323
683,1.4,0.9,0.875,0.9166666666666666,3.8494511097883226,5.688731772563864,4.158519001963893
684,1.4,0.8,0.8076923076923077,0.9285714285714286,3.5693847333946267,5.713951461291187,3.8937202974159715
685,1.4,0.75,0.9,0.6428571428571429,3.884226961277816,5.887297537422279,4.081363152073857
686,1.4,0.7083333333333334,0.8833333333333333,0.85,3.5086603512264554,5.418478952052961,3.7669652861668723
687,1.4,0.8125,0.875,0.9375,3.638339747237871,5.620961127713672,3.897912142780784
688,1.4,0.9166666666666666,0.90625,0.875,3.7981072882128064,5.523468165577241,4.1066181417010545
689,1.4,0.75,0.85,0.8928571428571429,3.6126463731107705,5.058856870537129,3.9162429842980453
690,1.4,0.9166666666666666,0.9166666666666666,0.9375,3.4998511794955847,5.626463110153715,3.818024261197704
691,1.4,0.7,0.9166666666666666,0.90625,3.665419910441713,5.2164286215678075,4.249533286318568
692,1.4,0.8,0.9107142857142857,0.84375,3.9369621336753804,6.40461727437559,4.208204656778931
693,1.4,0.75,0.9166666666666666,0.8333333333333334,3.952472938128851,5.786062819687568,4.168849062824558
694,1.4,0.9375,0.9375,1.0,3.852404067269555,6.638286052347366,4.381989840956224
695,1.4,0.9166666666666666,0.8409090909090909,0.85,3.5505718989724655,5.4182788490546665,3.9577863831188886
696,1.4,0.8125,0.95,0.9285714285714286,3.807140796748209,5.68246501398429,4.106578100341626
697,1.4,0.9166666666666666,0.875,0.9583333333333334,3.461184128305643,5.231858249210676,3.932708042606611
698,1.4,0.9166666666666666,0.9375,1.0,3.6405197442708612,5.115463894601676,4.1973290518683175
699,1.4,0.7,0.953125,0.8611111111111112,3.6052298952874082,6.080774113077103,3.9204212735643376
700,1.5,0.8333333333333334,0.9285714285714286,0.9285714285714286,3.9149933574893865,6.315760520475989,4.09003511514472
701,1.5,0.85,0.921875,1.0,3.6962868953185426,5.933829848109623,3.9746403541355932
702,1.5,0.6785714285714286,0.9090909090909091,0.8333333333333334,3.697929950544835,5.637171846521777,3.9021962566264086
703,1.5,0.8333333333333334,0.9807692307692307,0.9583333333333334,3.6408770602280938,5.792104574211637,3.912550363322801
704,1.5,1.0,0.9038461538461539,0.9166666666666666,3.5946798748683118,5.9580173566041275,4.250505759988785
705,1.5,0.75,0.8846153846153846,0.9166666666666666,3.532756138020847,5.489016081079557,3.8668014737989265
706,1.5,0.875,0.75,0.8928571428571429,3.6111057492050183,5.2781870497627,4.009261452203882
707,1.5,1.0,0.9230769230769231,0.9,3.849768314823077,6.423223575347124,4.286977958089736
708,1.5,0.59375,0.9285714285714286,0.7777777777777778,3.572955989434485,5.419905698706949,3.693162779270354
709,1.5,0.8125,0.9230769230769231,0.95,3.6959772936632853,5.629621988173013,4.063438374368737
710,1.5,0.875,0.875,0.9642857142857143,3.622496976031475,6.055581418635496,4.032934460995115
711,1.5,0.9375,0.9423076923076923,1.0,3.4949678404446374,5.414211212028447,3.7907949028730137
712,1.5,0.6666666666666666,0.8636363636363636,0.85,3.6165954260415876,5.583100425137381,4.054337636915713
713,1.5,0.875,0.9210526315789473,0.9166666666666666,3.5727047000905916,6.108982475048045,3.96172950677374
714,1.5,0.85,0.9285714285714286,0.875,3.742913588299037,6.165291152858168,4.061257221054374
715,1.5,0.8125,0.9583333333333334,0.8571428571428571,3.673269611777261,5.748827791624275,3.9873986279705647
716,1.5,0.8,0.875,0.9318181818181818,3.631180269171284,6.123543216240396,4.0006680917157365
717,1.5,0.8125,0.9722222222222222,0.8888888888888888,3.7037655029644414,5.7524271391661195,4.086172963986373
718,1.5,0.875,0.8541666666666666,0.90625,3.829969486033543,5.877736214283435,3.9321102861152055
719,1.5,0.75,0.9166666666666666,0.95,3.445912757323233,5.537054095724517,3.6695633906373573
720,1.5,1.0,0.90625,0.9583333333333334,3.760890764977699,5.470357817685733,4.079410300434329
721,1.5,0.75,0.9375,0.9166666666666666,3.793950306343013,5.979768483988498,4.047313784476716
722,1.5,0.9166666666666666,0.8214285714285714,0.875,3.6675350491366214,5.859436483868619,4.125102754015344
723,1.5,1.0,0.84375,1.0,3.6161732484534226,5.598065802259857,3.8789908766166095
724,1.5,0.7916666666666666,0.9,0.9166666666666666,3.7908902733352234,6.190009069405198,3.6838878881702417
725,1.5,1.0,0.95,1.0,3.5887144655121026,5.934269520472091,3.876415059590153
726,1.5,0.8125,0.875,0.9583333333333334,3.45572984681157,5.484900986915112,3.772977409451009
727,1.5,0.6875,0.9615384615384616,0.8928571428571429,3.610006216311144,6.136561126188502,3.9979718673647775
728,1.5,0.8,0.8970588235294118,0.9642857142857143,3.7883257988079904,6.106545171033169,4.020487811817758
729,1.5,0.8333333333333334,0.9166666666666666,0.9285714285714286,3.540137498664775,6.318756977109763,3.876076752892789
730,1.5,0.8,0.84375,0.9166666666666666,3.743515605975923,5.604508438337154,4.267951561427238
731,1.5,0.75,0.8269230769230769,1.0,3.3894702036966633,5.410061226018153,3.8054780734967104
732,1.5,0.8333333333333334,0.9107142857142857,0.8214285714285714,3.6247912965444193,5.85120951251181,3.9506292355840302
733,1.5,0.9,0.875,0.9166666666666666,3.8494511097883226,5.688731772563864,4.156546242216003
734,1.5,0.8,0.9090909090909091,0.8928571428571429,3.5693847333946267,5.563298760427532,3.862937997532078
735,1.5,0.75,0.9,0.6428571428571429,3.884226961277816,5.887297537422279,4.078695156548976
736,1.5,0.7083333333333334,0.8461538461538461,0.825,3.5086603512264554,5.342314203631867,3.74362571073151
737,1.5,0.8125,0.9090909090909091,0.9375,3.6383397472378713,5.595064983082676,3.9108467858400067
738,1.5,0.9166666666666666,0.90625,0.875,3.798107288212807,5.523468165577242,4.103420849885933
739,1.5,0.75,0.85,0.8928571428571429,3.6126463731107696,5.058856870537129,3.915411189342051
740,1.5,0.9166666666666666,0.9166666666666666,0.9375,3.4998511794955856,5.626463110153715,3.8166059329206465
741,1.5,0.7,0.9166666666666666,0.90625,3.665419910441713,5.2164286215678075,4.248649751605586
742,1.5,0.8,0.8833333333333333,0.875,3.9369621336753804,6.426278852349224,4.24276540140829
743,1.5,0.75,0.9166666666666666,0.8333333333333334,3.9524729381288517,5.786062819687566,4.167569510706836
744,1.5,0.9375,0.9615384615384616,0.9583333333333334,3.852404067269555,6.43498810067392,4.333727376698781
745,1.5,0.9166666666666666,0.925,0.9,3.5505718989724655,5.46125200671752,3.9086220330205697
746,1.5,0.8125,0.95,0.9285714285714286,3.8071407967482087,5.68246501398429,4.102882249274137
747,1.5,0.9166666666666666,0.875,0.9583333333333334,3.461184128305644,5.231858249210676,3.931677686646727
748,1.5,0.9166666666666666,0.9375,1.0,3.6405197442708612,5.115463894601676,4.191107824963811
749,1.5,0.7,0.953125,0.8611111111111112,3.6052298952874082,6.080774113077103,3.918423132796078
